section,priority,changefreq,url
core,1.0,weekly,https://phoenixxsmartbuild.com/
core,0.8,monthly,https://phoenixxsmartbuild.com/about-us
core,0.8,monthly,https://phoenixxsmartbuild.com/contact-us
core,0.9,monthly,https://phoenixxsmartbuild.com/get-a-quote
core,0.7,monthly,https://phoenixxsmartbuild.com/clientele
core,0.6,monthly,https://phoenixxsmartbuild.com/career
core,0.6,monthly,https://phoenixxsmartbuild.com/become-partner
core,0.6,monthly,https://phoenixxsmartbuild.com/vendor-registration
core,0.4,monthly,https://phoenixxsmartbuild.com/sitemap-page
core,0.8,weekly,https://phoenixxsmartbuild.com/door-products-directory
core,0.7,monthly,https://phoenixxsmartbuild.com/certifications
core,0.9,monthly,https://phoenixxsmartbuild.com/lp/puf-panel-manufacturer-ahmedabad
core,0.9,weekly,https://phoenixxsmartbuild.com/products
core,0.8,weekly,https://phoenixxsmartbuild.com/products/sandwich-panels
core,0.8,monthly,https://phoenixxsmartbuild.com/products/sandwich-panels/sandwich-puf-panel
core,0.8,monthly,https://phoenixxsmartbuild.com/products/sandwich-panels/roofing-puf-panel
core,0.8,monthly,https://phoenixxsmartbuild.com/products/sandwich-panels/pir-panel
core,0.8,monthly,https://phoenixxsmartbuild.com/products/sandwich-panels/rockwool-panel
core,0.8,monthly,https://phoenixxsmartbuild.com/products/sandwich-panels/wall-ceiling-panel
core,0.8,weekly,https://phoenixxsmartbuild.com/products/doors
core,0.7,monthly,https://phoenixxsmartbuild.com/products/doors/cleanroom-door
core,0.7,monthly,https://phoenixxsmartbuild.com/products/doors/fire-door-emergency-exit
core,0.7,monthly,https://phoenixxsmartbuild.com/products/doors/fire-rated-multipurpose-door
core,0.8,weekly,https://phoenixxsmartbuild.com/products/cleanroom-solutions
core,0.7,monthly,https://phoenixxsmartbuild.com/products/cleanroom-solutions/cleanroom-partition
core,0.7,monthly,https://phoenixxsmartbuild.com/products/cleanroom-solutions/cleanroom-doors
core,0.7,monthly,https://phoenixxsmartbuild.com/products/cleanroom-solutions/cleanroom-false-ceiling
core,0.7,monthly,https://phoenixxsmartbuild.com/products/cleanroom-solutions/cleanroom-flooring
core,0.9,weekly,https://phoenixxsmartbuild.com/solutions
core,0.8,monthly,https://phoenixxsmartbuild.com/solutions/peb
core,0.8,monthly,https://phoenixxsmartbuild.com/solutions/cold-storage-construction
core,0.7,monthly,https://phoenixxsmartbuild.com/solutions/walkable-ceiling-systems
core,0.7,monthly,https://phoenixxsmartbuild.com/solutions/non-walkable-ceiling-systems
core,0.7,monthly,https://phoenixxsmartbuild.com/solutions/partition-solutions
core,0.7,monthly,https://phoenixxsmartbuild.com/solutions/prefab-house
core,0.7,monthly,https://phoenixxsmartbuild.com/solutions/cleanroom-solutions
core,0.8,monthly,https://phoenixxsmartbuild.com/sound-proof-room-ball-mill
core,0.9,monthly,https://phoenixxsmartbuild.com/puf-roofing-panels
core,0.9,monthly,https://phoenixxsmartbuild.com/puf-roofing-panel-manufacturer
core,0.9,monthly,https://phoenixxsmartbuild.com/puf-roofing-panel-supplier
core,0.9,monthly,https://phoenixxsmartbuild.com/puf-roofing-panel-price
core,0.9,monthly,https://phoenixxsmartbuild.com/phoenixx-puf-roofing-panels
core,0.8,monthly,https://phoenixxsmartbuild.com/best-puf-panel-for-industrial-shed
core,0.8,monthly,https://phoenixxsmartbuild.com/best-quality-sandwich-puf-panel
core,0.8,monthly,https://phoenixxsmartbuild.com/best-roofing-puf-panel-for-factory
core,0.8,monthly,https://phoenixxsmartbuild.com/best-puf-panel-brand-in-india
core,0.8,monthly,https://phoenixxsmartbuild.com/best-puf-panel-thickness-for-roofing
core,0.8,monthly,https://phoenixxsmartbuild.com/best-density-puf-panel-for-insulation
core,0.8,monthly,https://phoenixxsmartbuild.com/puf-panel-vs-rockwool-panel
core,0.8,monthly,https://phoenixxsmartbuild.com/best-puf-panel-for-cold-storage
core,0.8,monthly,https://phoenixxsmartbuild.com/best-puf-panel-for-clean-room
core,0.8,monthly,https://phoenixxsmartbuild.com/best-insulated-panel-for-warehouse
core,0.8,monthly,https://phoenixxsmartbuild.com/industries
core,0.7,monthly,https://phoenixxsmartbuild.com/industries/pharma-chemical
core,0.7,monthly,https://phoenixxsmartbuild.com/industries/food-processing
core,0.7,monthly,https://phoenixxsmartbuild.com/industries/dairy
core,0.7,monthly,https://phoenixxsmartbuild.com/industries/cold-chain
core,0.7,monthly,https://phoenixxsmartbuild.com/industries/precision-engineering
core,0.7,monthly,https://phoenixxsmartbuild.com/industries/hospitality
core,0.7,monthly,https://phoenixxsmartbuild.com/industries/automobile
core,0.7,monthly,https://phoenixxsmartbuild.com/industries/agri-processing
core,0.8,weekly,https://phoenixxsmartbuild.com/resources
core,0.7,weekly,https://phoenixxsmartbuild.com/resources/blogs
core,0.7,weekly,https://phoenixxsmartbuild.com/resources/project-gallery
core,0.6,monthly,https://phoenixxsmartbuild.com/resources/technical-sheet
core,0.6,monthly,https://phoenixxsmartbuild.com/resources/brochure
core,0.7,monthly,https://phoenixxsmartbuild.com/resources/faq
core,0.7,monthly,https://phoenixxsmartbuild.com/resources/glossary
core,0.6,monthly,https://phoenixxsmartbuild.com/resources/project-gallery/pharma-cleanroom-pune
core,0.6,monthly,https://phoenixxsmartbuild.com/resources/project-gallery/cold-storage-mumbai
core,0.6,monthly,https://phoenixxsmartbuild.com/resources/project-gallery/reliance-industries-jamnagar
core,0.6,monthly,https://phoenixxsmartbuild.com/resources/project-gallery/uflex-sanand
core,0.6,monthly,https://phoenixxsmartbuild.com/resources/project-gallery/cargill-gandhidham
core,0.6,monthly,https://phoenixxsmartbuild.com/resources/project-gallery/bunge-gandhidham
core,0.6,monthly,https://phoenixxsmartbuild.com/resources/project-gallery/vyara-tiles-gangad
core,0.6,monthly,https://phoenixxsmartbuild.com/resources/project-gallery/motherson-marelli-sanand
core,0.6,monthly,https://phoenixxsmartbuild.com/resources/project-gallery/skf-ahmedabad
core,0.6,monthly,https://phoenixxsmartbuild.com/resources/project-gallery/sarhad-dairy-bhuj
core,0.6,monthly,https://phoenixxsmartbuild.com/resources/project-gallery/pgp-glass-dahej
core,0.6,monthly,https://phoenixxsmartbuild.com/resources/project-gallery/agro-tech-ankleshwar
core,0.6,monthly,https://phoenixxsmartbuild.com/resources/project-gallery/rotomotive-anand
core,0.6,monthly,https://phoenixxsmartbuild.com/resources/project-gallery/rajhans-nutriments-surat
core,0.6,monthly,https://phoenixxsmartbuild.com/resources/project-gallery/fuji-silvertech-ahmedabad
core,0.6,monthly,https://phoenixxsmartbuild.com/resources/project-gallery/aishwarya-dyeing-surat
core,0.6,monthly,https://phoenixxsmartbuild.com/resources/project-gallery/narmada-biochem-dahej
core,0.6,monthly,https://phoenixxsmartbuild.com/resources/project-gallery/bc-foods-mahua
core,0.6,monthly,https://phoenixxsmartbuild.com/resources/project-gallery/edkem-pharma-ahmedabad
core,0.6,monthly,https://phoenixxsmartbuild.com/resources/project-gallery/makson-pharma-surendranagar
core,0.6,monthly,https://phoenixxsmartbuild.com/resources/project-gallery/infocity-club-gandhinagar
core,0.6,monthly,https://phoenixxsmartbuild.com/resources/project-gallery/agrawal-metal-vithlapur
core,0.8,monthly,https://phoenixxsmartbuild.com/top-puf-panel-manufacturers-in-india
core,0.8,monthly,https://phoenixxsmartbuild.com/best-puf-panel-manufacturer-in-india
core,0.8,monthly,https://phoenixxsmartbuild.com/industrial-puf-panel-manufacturer-in-india
core,0.8,monthly,https://phoenixxsmartbuild.com/insulated-puf-panel-manufacturer-in-india
core,0.8,monthly,https://phoenixxsmartbuild.com/leading-puf-panel-company-in-india
core,0.8,monthly,https://phoenixxsmartbuild.com/premium-puf-panel-manufacturer-in-india
core,0.8,monthly,https://phoenixxsmartbuild.com/puf-panel-company-in-india
core,0.8,monthly,https://phoenixxsmartbuild.com/puf-panel-suppliers-in-india
core,0.8,monthly,https://phoenixxsmartbuild.com/puf-panels-manufacturer-india
core,0.8,monthly,https://phoenixxsmartbuild.com/sandwich-puf-panel-manufacturer-in-india
core,0.8,monthly,https://phoenixxsmartbuild.com/puf-panel-manufacturer-in-ahmedabad
core,0.8,monthly,https://phoenixxsmartbuild.com/puf-panel-manufacturer-in-surat
core,0.8,monthly,https://phoenixxsmartbuild.com/puf-panel-manufacturer-in-vadodara
core,0.8,monthly,https://phoenixxsmartbuild.com/puf-panel-manufacturer-in-rajkot
core,0.8,monthly,https://phoenixxsmartbuild.com/puf-panel-manufacturer-in-jamnagar
core,0.8,monthly,https://phoenixxsmartbuild.com/puf-panel-manufacturer-in-vapi
core,0.8,monthly,https://phoenixxsmartbuild.com/puf-panel-manufacturer-in-dholera
core,0.8,monthly,https://phoenixxsmartbuild.com/puf-panel-manufacturer-in-pune
core,0.8,monthly,https://phoenixxsmartbuild.com/puf-panel-manufacturer-in-nagpur
core,0.8,monthly,https://phoenixxsmartbuild.com/puf-panel-manufacturer-in-nashik
core,0.8,monthly,https://phoenixxsmartbuild.com/puf-panel-manufacturer-in-thane
core,0.8,monthly,https://phoenixxsmartbuild.com/puf-panel-manufacturer-in-mumbai
core,0.8,monthly,https://phoenixxsmartbuild.com/puf-panel-manufacturer-in-kolhapur
core,0.8,monthly,https://phoenixxsmartbuild.com/puf-panel-manufacturer-in-chhatrapati-sambhajinagar
core,0.3,yearly,https://phoenixxsmartbuild.com/privacy-policy
core,0.3,yearly,https://phoenixxsmartbuild.com/return-policy
core,0.3,yearly,https://phoenixxsmartbuild.com/business-terms
blogs,0.7,monthly,https://phoenixxsmartbuild.com/resources/blogs/rise-of-sustainable-peb-structures
blogs,0.7,monthly,https://phoenixxsmartbuild.com/resources/blogs/optimizing-cold-storage-energy-efficiency
blogs,0.7,monthly,https://phoenixxsmartbuild.com/resources/blogs/cleanroom-design-best-practices
blogs,0.7,monthly,https://phoenixxsmartbuild.com/resources/blogs/fire-safety-industrial-buildings
blogs,0.7,monthly,https://phoenixxsmartbuild.com/resources/blogs/cold-chain-logistics-india
blogs,0.7,monthly,https://phoenixxsmartbuild.com/resources/blogs/turnkey-epc-project-delivery
blogs,0.7,monthly,https://phoenixxsmartbuild.com/resources/blogs/industrial-doors-selection-guide
blogs,0.7,monthly,https://phoenixxsmartbuild.com/resources/blogs/what-is-puf-panel-how-does-it-work
blogs,0.7,monthly,https://phoenixxsmartbuild.com/resources/blogs/puf-panel-vs-traditional-roofing-sheets
blogs,0.7,monthly,https://phoenixxsmartbuild.com/resources/blogs/puf-vs-pir-vs-rockwool
blogs,0.7,monthly,https://phoenixxsmartbuild.com/resources/blogs/how-puf-panels-reduce-energy-costs-factories
blogs,0.7,monthly,https://phoenixxsmartbuild.com/resources/blogs/puf-panel-thickness-guide-industrial-buildings
blogs,0.7,monthly,https://phoenixxsmartbuild.com/resources/blogs/puf-panels-cold-storage-pharma-applications
blogs,0.7,monthly,https://phoenixxsmartbuild.com/resources/blogs/puf-panel-installation-accessories
blogs,0.7,monthly,https://phoenixxsmartbuild.com/resources/blogs/puf-panel-installation-near-me
blogs,0.7,monthly,https://phoenixxsmartbuild.com/resources/blogs/puf-panel-manufacturers-in-ahmedabad
blogs,0.7,monthly,https://phoenixxsmartbuild.com/resources/blogs/cold-storage-panel-manufacturers-ahmedabad
blogs,0.7,monthly,https://phoenixxsmartbuild.com/resources/blogs/cleanroom-panel-solutions-ahmedabad-pharma
blogs,0.7,monthly,https://phoenixxsmartbuild.com/resources/blogs/industrial-roofing-solutions-ahmedabad-gidc
blogs,0.7,monthly,https://phoenixxsmartbuild.com/resources/blogs/puf-panel-manufacturers-in-gujarat
blogs,0.7,monthly,https://phoenixxsmartbuild.com/resources/blogs/jindal-puf-panel-price-list
blogs,0.7,monthly,https://phoenixxsmartbuild.com/resources/blogs/puf-panel-installation-contractors
blogs,0.7,monthly,https://phoenixxsmartbuild.com/resources/blogs/puf-panel-wall-installation
blogs,0.7,monthly,https://phoenixxsmartbuild.com/resources/blogs/puf-panel-installation-cost
blogs,0.7,monthly,https://phoenixxsmartbuild.com/resources/blogs/puf-panel-house
blogs,0.7,monthly,https://phoenixxsmartbuild.com/resources/blogs/puf-panel-price-india-cost-per-sq-ft
blogs,0.7,monthly,https://phoenixxsmartbuild.com/resources/blogs/cold-storage-construction-cost-india
blogs,0.7,monthly,https://phoenixxsmartbuild.com/resources/blogs/sandwich-panel-price-india-breakdown
blogs,0.7,monthly,https://phoenixxsmartbuild.com/resources/blogs/puf-panel-installation-cost-ahmedabad
blogs,0.7,monthly,https://phoenixxsmartbuild.com/resources/blogs/warehouse-construction-cost-puf-panels
blogs,0.7,monthly,https://phoenixxsmartbuild.com/resources/blogs/pir-panel-price-vs-puf-panel
blogs,0.7,monthly,https://phoenixxsmartbuild.com/resources/blogs/cold-storage-cost-per-mt-india
blogs,0.7,monthly,https://phoenixxsmartbuild.com/resources/blogs/cleanroom-construction-cost-india
blogs,0.7,monthly,https://phoenixxsmartbuild.com/resources/blogs/industrial-shed-cost-puf-panels
blogs,0.7,monthly,https://phoenixxsmartbuild.com/resources/blogs/puf-panel-vs-rockwool-panel
blogs,0.7,monthly,https://phoenixxsmartbuild.com/resources/blogs/sandwich-panel-vs-brick-wall-construction
blogs,0.7,monthly,https://phoenixxsmartbuild.com/resources/blogs/puf-panel-vs-eps-panel
blogs,0.7,monthly,https://phoenixxsmartbuild.com/resources/blogs/pir-panel-vs-mineral-wool-panel
blogs,0.7,monthly,https://phoenixxsmartbuild.com/resources/blogs/best-insulated-panel-for-cold-storage
blogs,0.7,monthly,https://phoenixxsmartbuild.com/resources/blogs/puf-panel-vs-glass-wool-insulation
blogs,0.7,monthly,https://phoenixxsmartbuild.com/resources/blogs/puf-panel-vs-rcc-construction
blogs,0.7,monthly,https://phoenixxsmartbuild.com/resources/blogs/prefabricated-vs-conventional-construction
blogs,0.7,monthly,https://phoenixxsmartbuild.com/resources/blogs/how-to-reduce-heat-in-industrial-shed
blogs,0.7,monthly,https://phoenixxsmartbuild.com/resources/blogs/best-roofing-solution-factory-india
blogs,0.7,monthly,https://phoenixxsmartbuild.com/resources/blogs/how-to-build-cold-storage-step-by-step
blogs,0.7,monthly,https://phoenixxsmartbuild.com/resources/blogs/how-to-choose-right-insulated-panel
blogs,0.7,monthly,https://phoenixxsmartbuild.com/resources/blogs/how-to-reduce-electricity-cost-cold-storage
blogs,0.7,monthly,https://phoenixxsmartbuild.com/resources/blogs/best-wall-material-for-warehouse
blogs,0.7,monthly,https://phoenixxsmartbuild.com/resources/blogs/industrial-insulation-guide-beginners
blogs,0.7,monthly,https://phoenixxsmartbuild.com/resources/blogs/how-to-build-cleanroom-india
blogs,0.7,monthly,https://phoenixxsmartbuild.com/resources/blogs/warehouse-construction-guide-india
blogs,0.7,monthly,https://phoenixxsmartbuild.com/resources/blogs/factory-roofing-problems-solutions
blogs,0.7,monthly,https://phoenixxsmartbuild.com/resources/blogs/puf-panel-supplier-ahmedabad-guide
blogs,0.7,monthly,https://phoenixxsmartbuild.com/resources/blogs/cold-storage-construction-gujarat
blogs,0.7,monthly,https://phoenixxsmartbuild.com/resources/blogs/sandwich-panel-supplier-surat
blogs,0.7,monthly,https://phoenixxsmartbuild.com/resources/blogs/puf-panel-manufacturer-vadodara
blogs,0.7,monthly,https://phoenixxsmartbuild.com/resources/blogs/pir-panel-supplier-rajkot
blogs,0.7,monthly,https://phoenixxsmartbuild.com/resources/blogs/industrial-panel-supplier-vapi
blogs,0.7,monthly,https://phoenixxsmartbuild.com/resources/blogs/puf-panel-ankleshwar-industrial-guide
blogs,0.7,monthly,https://phoenixxsmartbuild.com/resources/blogs/best-puf-panel-supplier-dahej
blogs,0.7,monthly,https://phoenixxsmartbuild.com/resources/blogs/cleanroom-contractor-ahmedabad
blogs,0.7,monthly,https://phoenixxsmartbuild.com/resources/blogs/warehouse-construction-company-gujarat
blogs,0.7,monthly,https://phoenixxsmartbuild.com/resources/blogs/what-is-puf-panel-complete-guide
blogs,0.7,monthly,https://phoenixxsmartbuild.com/resources/blogs/what-is-pir-panel-benefits-uses
blogs,0.7,monthly,https://phoenixxsmartbuild.com/resources/blogs/types-of-sandwich-panels-explained
blogs,0.7,monthly,https://phoenixxsmartbuild.com/resources/blogs/what-is-cold-storage-construction
blogs,0.7,monthly,https://phoenixxsmartbuild.com/resources/blogs/what-is-cleanroom-how-it-works
blogs,0.7,monthly,https://phoenixxsmartbuild.com/resources/blogs/what-is-peb-structure
blogs,0.7,monthly,https://phoenixxsmartbuild.com/resources/blogs/advantages-of-prefabricated-buildings
blogs,0.7,monthly,https://phoenixxsmartbuild.com/resources/blogs/future-of-industrial-construction-india
blogs,0.7,monthly,https://phoenixxsmartbuild.com/resources/blogs/benefits-of-insulated-panels
blogs,0.7,monthly,https://phoenixxsmartbuild.com/resources/blogs/why-puf-panels-best-for-india-climate
blogs,0.7,monthly,https://phoenixxsmartbuild.com/resources/blogs/lifespan-of-puf-panels
blogs,0.7,monthly,https://phoenixxsmartbuild.com/resources/blogs/puf-panel-price-ahmedabad
blogs,0.7,monthly,https://phoenixxsmartbuild.com/resources/blogs/best-puf-panel-brand
blogs,0.7,monthly,https://phoenixxsmartbuild.com/resources/blogs/top-puf-manufacturers-ahmedabad
blogs,0.7,monthly,https://phoenixxsmartbuild.com/resources/blogs/puf-panel-manufacturers-gujarat
blogs,0.7,monthly,https://phoenixxsmartbuild.com/resources/blogs/puf-panel-price-list-ahmedabad
blogs,0.7,monthly,https://phoenixxsmartbuild.com/resources/blogs/puf-panel-ahmedabad
blogs,0.7,monthly,https://phoenixxsmartbuild.com/resources/blogs/puf-panel-contact-ahmedabad
blogs,0.7,monthly,https://phoenixxsmartbuild.com/resources/blogs/puf-panel-vadodara
blogs,0.7,monthly,https://phoenixxsmartbuild.com/resources/blogs/puf-panel-near-me
blogs,0.7,monthly,https://phoenixxsmartbuild.com/resources/blogs/puf-panel-india
blogs,0.7,monthly,https://phoenixxsmartbuild.com/resources/blogs/understanding-puf-sandwich-panels
blogs,0.7,monthly,https://phoenixxsmartbuild.com/resources/blogs/benefits-of-puf-wall-panels
blogs,0.7,monthly,https://phoenixxsmartbuild.com/resources/blogs/puf-roofing-panels-india-climate
blogs,0.7,monthly,https://phoenixxsmartbuild.com/resources/blogs/puf-panels-cold-storage
blogs,0.7,monthly,https://phoenixxsmartbuild.com/resources/blogs/puf-panels-gujarat-case-study
blogs,0.7,monthly,https://phoenixxsmartbuild.com/resources/blogs/puf-panels-hospitality-industry
blogs,0.7,monthly,https://phoenixxsmartbuild.com/resources/blogs/puf-panels-sustainable-construction
blogs,0.7,monthly,https://phoenixxsmartbuild.com/resources/blogs/puf-ceiling-panels-commercial
blogs,0.7,monthly,https://phoenixxsmartbuild.com/resources/blogs/puf-vs-traditional-material-cost
blogs,0.7,monthly,https://phoenixxsmartbuild.com/resources/blogs/future-of-puf-panels
blogs,0.7,monthly,https://phoenixxsmartbuild.com/resources/blogs/puf-panels-maharashtra-industrial
blogs,0.7,monthly,https://phoenixxsmartbuild.com/resources/blogs/puf-panels-rajasthan-energy-efficiency
blogs,0.7,monthly,https://phoenixxsmartbuild.com/resources/blogs/puf-panels-agriculture-mp
blogs,0.7,monthly,https://phoenixxsmartbuild.com/resources/blogs/puf-panels-education-sector
blogs,0.7,monthly,https://phoenixxsmartbuild.com/resources/blogs/puf-panels-soundproofing
blogs,0.7,monthly,https://phoenixxsmartbuild.com/resources/blogs/puf-panel-maintenance-guide-india
blogs,0.7,monthly,https://phoenixxsmartbuild.com/resources/blogs/how-to-select-puf-panel-thickness
blogs,0.7,monthly,https://phoenixxsmartbuild.com/resources/blogs/pir-panel-buying-guide-india
blogs,0.7,monthly,https://phoenixxsmartbuild.com/resources/blogs/cleanroom-panel-standards-iso-14644
blogs,0.7,monthly,https://phoenixxsmartbuild.com/resources/blogs/peb-vs-conventional-construction-cost
blogs,0.7,monthly,https://phoenixxsmartbuild.com/resources/blogs/cold-storage-panel-selection-guide
blogs,0.7,monthly,https://phoenixxsmartbuild.com/resources/blogs/sandwich-panel-installation-best-practices
blogs,0.7,monthly,https://phoenixxsmartbuild.com/resources/blogs/industrial-roofing-insulation-comparison
blogs,0.7,monthly,https://phoenixxsmartbuild.com/resources/blogs/puf-panel-energy-savings-calculator-guide
blogs,0.7,monthly,https://phoenixxsmartbuild.com/resources/blogs/rockwool-vs-puf-panel-fire-safety
blogs,0.7,monthly,https://phoenixxsmartbuild.com/resources/blogs/warehouse-insulation-gujarat-guide
blogs,0.7,monthly,https://phoenixxsmartbuild.com/resources/blogs/pharma-cleanroom-construction-checklist
blogs,0.7,monthly,https://phoenixxsmartbuild.com/resources/blogs/food-processing-facility-panel-requirements
blogs,0.7,monthly,https://phoenixxsmartbuild.com/resources/blogs/export-puf-panels-africa-guide
blogs,0.7,monthly,https://phoenixxsmartbuild.com/resources/blogs/voice-search-puf-panel-faq-india
blogs,0.7,monthly,https://phoenixxsmartbuild.com/resources/blogs/importing-puf-panels-east-africa
blogs,0.7,monthly,https://phoenixxsmartbuild.com/resources/blogs/cold-chain-panels-kenya-guide
blogs,0.7,monthly,https://phoenixxsmartbuild.com/resources/blogs/container-loading-puf-panels-guide
blogs,0.7,monthly,https://phoenixxsmartbuild.com/resources/blogs/mining-camp-panels-africa
blogs,0.7,monthly,https://phoenixxsmartbuild.com/resources/blogs/puf-panel-export-west-africa-ghana-nigeria
blogs,0.7,monthly,https://phoenixxsmartbuild.com/resources/blogs/incoterms-panel-export-explained
blogs,0.7,monthly,https://phoenixxsmartbuild.com/resources/blogs/pharma-cleanroom-panels-africa-export
blogs,0.7,monthly,https://phoenixxsmartbuild.com/resources/blogs/warehouse-insulated-panels-southern-africa
blogs,0.7,monthly,https://phoenixxsmartbuild.com/resources/blogs/choosing-puf-panel-supplier-africa-export
shop,0.9,weekly,https://phoenixxsmartbuild.com/shop
shop,0.8,weekly,https://phoenixxsmartbuild.com/shop/sandwich-puf-panel
shop,0.8,weekly,https://phoenixxsmartbuild.com/shop/roofing-puf-panel
shop,0.8,weekly,https://phoenixxsmartbuild.com/shop/pir-panel
shop,0.8,weekly,https://phoenixxsmartbuild.com/shop/rockwool-panel
shop,0.8,weekly,https://phoenixxsmartbuild.com/shop/wall-ceiling-panel
shop,0.8,weekly,https://phoenixxsmartbuild.com/shop/fm-approved-panel
shop,0.8,weekly,https://phoenixxsmartbuild.com/shop/cleanroom-door
shop,0.8,weekly,https://phoenixxsmartbuild.com/shop/fire-door-emergency-exit
shop,0.8,weekly,https://phoenixxsmartbuild.com/shop/fire-rated-multipurpose-door
shop,0.8,weekly,https://phoenixxsmartbuild.com/shop/cold-storage-door
shop,0.8,weekly,https://phoenixxsmartbuild.com/shop/hermetic-door
shop,0.8,weekly,https://phoenixxsmartbuild.com/shop/cleanroom-partition
shop,0.8,weekly,https://phoenixxsmartbuild.com/shop/cleanroom-false-ceiling
shop,0.8,weekly,https://phoenixxsmartbuild.com/shop/cleanroom-doors
shop,0.8,weekly,https://phoenixxsmartbuild.com/shop/cleanroom-flooring
geo,0.7,monthly,https://phoenixxsmartbuild.com/sandwich-puf-panel-in-india
geo,0.7,monthly,https://phoenixxsmartbuild.com/sandwich-puf-panel-in-gujarat
geo,0.7,monthly,https://phoenixxsmartbuild.com/sandwich-puf-panel-in-ahmedabad
geo,0.7,monthly,https://phoenixxsmartbuild.com/roofing-puf-panel-in-ahmedabad
geo,0.7,monthly,https://phoenixxsmartbuild.com/rockwool-panel-in-ahmedabad
geo,0.7,monthly,https://phoenixxsmartbuild.com/pir-panel-in-ahmedabad
geo,0.7,monthly,https://phoenixxsmartbuild.com/fm-approved-panel-in-ahmedabad
geo,0.7,monthly,https://phoenixxsmartbuild.com/sandwich-puf-panel-in-gandhinagar
geo,0.7,monthly,https://phoenixxsmartbuild.com/sandwich-puf-panel-in-surat
geo,0.7,monthly,https://phoenixxsmartbuild.com/roofing-puf-panel-in-surat
geo,0.7,monthly,https://phoenixxsmartbuild.com/rockwool-panel-in-surat
geo,0.7,monthly,https://phoenixxsmartbuild.com/pir-panel-in-surat
geo,0.7,monthly,https://phoenixxsmartbuild.com/fm-approved-panel-in-surat
geo,0.7,monthly,https://phoenixxsmartbuild.com/sandwich-puf-panel-in-vadodara
geo,0.7,monthly,https://phoenixxsmartbuild.com/sandwich-puf-panel-in-rajkot
geo,0.7,monthly,https://phoenixxsmartbuild.com/sandwich-puf-panel-in-maharashtra
geo,0.7,monthly,https://phoenixxsmartbuild.com/sandwich-puf-panel-in-mumbai
geo,0.7,monthly,https://phoenixxsmartbuild.com/roofing-puf-panel-in-mumbai
geo,0.7,monthly,https://phoenixxsmartbuild.com/rockwool-panel-in-mumbai
geo,0.7,monthly,https://phoenixxsmartbuild.com/pir-panel-in-mumbai
geo,0.7,monthly,https://phoenixxsmartbuild.com/fm-approved-panel-in-mumbai
geo,0.7,monthly,https://phoenixxsmartbuild.com/sandwich-puf-panel-in-pune
geo,0.7,monthly,https://phoenixxsmartbuild.com/roofing-puf-panel-in-pune
geo,0.7,monthly,https://phoenixxsmartbuild.com/rockwool-panel-in-pune
geo,0.7,monthly,https://phoenixxsmartbuild.com/pir-panel-in-pune
geo,0.7,monthly,https://phoenixxsmartbuild.com/fm-approved-panel-in-pune
geo,0.7,monthly,https://phoenixxsmartbuild.com/sandwich-puf-panel-in-nagpur
geo,0.7,monthly,https://phoenixxsmartbuild.com/sandwich-puf-panel-in-nashik
geo,0.7,monthly,https://phoenixxsmartbuild.com/sandwich-puf-panel-in-aurangabad
geo,0.7,monthly,https://phoenixxsmartbuild.com/sandwich-puf-panel-in-rajasthan
geo,0.7,monthly,https://phoenixxsmartbuild.com/sandwich-puf-panel-in-jaipur
geo,0.7,monthly,https://phoenixxsmartbuild.com/roofing-puf-panel-in-jaipur
geo,0.7,monthly,https://phoenixxsmartbuild.com/rockwool-panel-in-jaipur
geo,0.7,monthly,https://phoenixxsmartbuild.com/pir-panel-in-jaipur
geo,0.7,monthly,https://phoenixxsmartbuild.com/fm-approved-panel-in-jaipur
geo,0.7,monthly,https://phoenixxsmartbuild.com/sandwich-puf-panel-in-jodhpur
geo,0.7,monthly,https://phoenixxsmartbuild.com/sandwich-puf-panel-in-udaipur
geo,0.7,monthly,https://phoenixxsmartbuild.com/sandwich-puf-panel-in-kota
geo,0.6,monthly,https://phoenixxsmartbuild.com/sandwich-puf-panel-in-chhattisgarh
geo,0.6,monthly,https://phoenixxsmartbuild.com/sandwich-puf-panel-in-jamnagar
geo,0.6,monthly,https://phoenixxsmartbuild.com/sandwich-puf-panel-in-bhavnagar
geo,0.6,monthly,https://phoenixxsmartbuild.com/sandwich-puf-panel-in-morbi
geo,0.6,monthly,https://phoenixxsmartbuild.com/sandwich-puf-panel-in-vapi
geo,0.6,monthly,https://phoenixxsmartbuild.com/sandwich-puf-panel-in-raipur
geo,0.6,monthly,https://phoenixxsmartbuild.com/sandwich-puf-panel-in-bhilai
geo,0.6,monthly,https://phoenixxsmartbuild.com/sandwich-puf-panel-in-thane
geo,0.6,monthly,https://phoenixxsmartbuild.com/sandwich-puf-panel-in-kolhapur
geo,0.6,monthly,https://phoenixxsmartbuild.com/sandwich-puf-panel-in-madhya-pradesh
geo,0.6,monthly,https://phoenixxsmartbuild.com/sandwich-puf-panel-in-indore
geo,0.6,monthly,https://phoenixxsmartbuild.com/sandwich-puf-panel-in-bhopal
geo,0.5,monthly,https://phoenixxsmartbuild.com/sandwich-puf-panel-in-junagadh
geo,0.5,monthly,https://phoenixxsmartbuild.com/sandwich-puf-panel-in-mehsana
geo,0.5,monthly,https://phoenixxsmartbuild.com/sandwich-puf-panel-in-anand
geo,0.5,monthly,https://phoenixxsmartbuild.com/sandwich-puf-panel-in-nadiad
geo,0.5,monthly,https://phoenixxsmartbuild.com/sandwich-puf-panel-in-bharuch
geo,0.5,monthly,https://phoenixxsmartbuild.com/sandwich-puf-panel-in-navsari
geo,0.5,monthly,https://phoenixxsmartbuild.com/sandwich-puf-panel-in-palanpur
geo,0.5,monthly,https://phoenixxsmartbuild.com/sandwich-puf-panel-in-himmatnagar
geo,0.5,monthly,https://phoenixxsmartbuild.com/sandwich-puf-panel-in-godhra
geo,0.5,monthly,https://phoenixxsmartbuild.com/sandwich-puf-panel-in-dahod
geo,0.5,monthly,https://phoenixxsmartbuild.com/sandwich-puf-panel-in-bilaspur
geo,0.5,monthly,https://phoenixxsmartbuild.com/sandwich-puf-panel-in-porbandar
geo,0.5,monthly,https://phoenixxsmartbuild.com/sandwich-puf-panel-in-bhuj
geo,0.5,monthly,https://phoenixxsmartbuild.com/sandwich-puf-panel-in-gandhidham
geo,0.5,monthly,https://phoenixxsmartbuild.com/sandwich-puf-panel-in-valsad
geo,0.5,monthly,https://phoenixxsmartbuild.com/sandwich-puf-panel-in-jabalpur
geo,0.5,monthly,https://phoenixxsmartbuild.com/sandwich-puf-panel-in-gwalior
geo,0.5,monthly,https://phoenixxsmartbuild.com/sandwich-puf-panel-in-ujjain
geo,0.5,monthly,https://phoenixxsmartbuild.com/sandwich-puf-panel-in-ajmer
geo,0.5,monthly,https://phoenixxsmartbuild.com/sandwich-puf-panel-in-bhilwara
export,0.9,monthly,https://phoenixxsmartbuild.com/export
export,0.8,monthly,https://phoenixxsmartbuild.com/export/kenya
export,0.7,monthly,https://phoenixxsmartbuild.com/export/kenya/nairobi
export,0.7,monthly,https://phoenixxsmartbuild.com/export/kenya/athi-river
export,0.7,monthly,https://phoenixxsmartbuild.com/export/kenya/mombasa
export,0.7,monthly,https://phoenixxsmartbuild.com/export/kenya/kisumu
export,0.7,monthly,https://phoenixxsmartbuild.com/export/kenya/nakuru
export,0.7,monthly,https://phoenixxsmartbuild.com/export/kenya/eldoret
export,0.7,monthly,https://phoenixxsmartbuild.com/export/kenya/thika
export,0.7,monthly,https://phoenixxsmartbuild.com/export/kenya/naivasha
export,0.7,monthly,https://phoenixxsmartbuild.com/export/kenya/tatu-city
export,0.7,monthly,https://phoenixxsmartbuild.com/export/kenya/cold-storage
export,0.7,monthly,https://phoenixxsmartbuild.com/export/kenya/food-processing
export,0.7,monthly,https://phoenixxsmartbuild.com/export/kenya/warehousing-logistics
export,0.7,monthly,https://phoenixxsmartbuild.com/export/kenya/agri-processing
export,0.7,monthly,https://phoenixxsmartbuild.com/export/kenya/mining
export,0.7,monthly,https://phoenixxsmartbuild.com/export/kenya/pharmaceuticals
export,0.7,monthly,https://phoenixxsmartbuild.com/export/kenya/dairy-cold-chain
export,0.8,monthly,https://phoenixxsmartbuild.com/export/tanzania
export,0.7,monthly,https://phoenixxsmartbuild.com/export/tanzania/dar-es-salaam
export,0.7,monthly,https://phoenixxsmartbuild.com/export/tanzania/dodoma
export,0.7,monthly,https://phoenixxsmartbuild.com/export/tanzania/mwanza
export,0.7,monthly,https://phoenixxsmartbuild.com/export/tanzania/arusha
export,0.7,monthly,https://phoenixxsmartbuild.com/export/tanzania/mbeya
export,0.7,monthly,https://phoenixxsmartbuild.com/export/tanzania/morogoro
export,0.7,monthly,https://phoenixxsmartbuild.com/export/tanzania/tanga
export,0.7,monthly,https://phoenixxsmartbuild.com/export/tanzania/kigamboni
export,0.7,monthly,https://phoenixxsmartbuild.com/export/tanzania/cold-storage
export,0.7,monthly,https://phoenixxsmartbuild.com/export/tanzania/food-processing
export,0.7,monthly,https://phoenixxsmartbuild.com/export/tanzania/warehousing-logistics
export,0.7,monthly,https://phoenixxsmartbuild.com/export/tanzania/agri-processing
export,0.7,monthly,https://phoenixxsmartbuild.com/export/tanzania/mining
export,0.7,monthly,https://phoenixxsmartbuild.com/export/tanzania/pharmaceuticals
export,0.8,monthly,https://phoenixxsmartbuild.com/export/uganda
export,0.7,monthly,https://phoenixxsmartbuild.com/export/uganda/kampala
export,0.7,monthly,https://phoenixxsmartbuild.com/export/uganda/entebbe
export,0.7,monthly,https://phoenixxsmartbuild.com/export/uganda/jinja
export,0.7,monthly,https://phoenixxsmartbuild.com/export/uganda/mbarara
export,0.7,monthly,https://phoenixxsmartbuild.com/export/uganda/gulu
export,0.7,monthly,https://phoenixxsmartbuild.com/export/uganda/mbale
export,0.7,monthly,https://phoenixxsmartbuild.com/export/uganda/namanve
export,0.7,monthly,https://phoenixxsmartbuild.com/export/uganda/cold-storage
export,0.7,monthly,https://phoenixxsmartbuild.com/export/uganda/food-processing
export,0.7,monthly,https://phoenixxsmartbuild.com/export/uganda/warehousing-logistics
export,0.7,monthly,https://phoenixxsmartbuild.com/export/uganda/agri-processing
export,0.7,monthly,https://phoenixxsmartbuild.com/export/uganda/mining
export,0.7,monthly,https://phoenixxsmartbuild.com/export/uganda/pharmaceuticals
export,0.7,monthly,https://phoenixxsmartbuild.com/export/uganda/dairy-cold-chain
export,0.8,monthly,https://phoenixxsmartbuild.com/export/rwanda
export,0.7,monthly,https://phoenixxsmartbuild.com/export/rwanda/kigali
export,0.7,monthly,https://phoenixxsmartbuild.com/export/rwanda/huye
export,0.7,monthly,https://phoenixxsmartbuild.com/export/rwanda/musanze
export,0.7,monthly,https://phoenixxsmartbuild.com/export/rwanda/rubavu
export,0.7,monthly,https://phoenixxsmartbuild.com/export/rwanda/rusizi
export,0.7,monthly,https://phoenixxsmartbuild.com/export/rwanda/bugesera
export,0.7,monthly,https://phoenixxsmartbuild.com/export/rwanda/cold-storage
export,0.7,monthly,https://phoenixxsmartbuild.com/export/rwanda/food-processing
export,0.7,monthly,https://phoenixxsmartbuild.com/export/rwanda/warehousing-logistics
export,0.7,monthly,https://phoenixxsmartbuild.com/export/rwanda/agri-processing
export,0.7,monthly,https://phoenixxsmartbuild.com/export/rwanda/mining
export,0.7,monthly,https://phoenixxsmartbuild.com/export/rwanda/pharmaceuticals
export,0.8,monthly,https://phoenixxsmartbuild.com/export/ghana
export,0.7,monthly,https://phoenixxsmartbuild.com/export/ghana/accra
export,0.7,monthly,https://phoenixxsmartbuild.com/export/ghana/tema
export,0.7,monthly,https://phoenixxsmartbuild.com/export/ghana/kumasi
export,0.7,monthly,https://phoenixxsmartbuild.com/export/ghana/takoradi
export,0.7,monthly,https://phoenixxsmartbuild.com/export/ghana/tamale
export,0.7,monthly,https://phoenixxsmartbuild.com/export/ghana/koforidua
export,0.7,monthly,https://phoenixxsmartbuild.com/export/ghana/dawa
export,0.7,monthly,https://phoenixxsmartbuild.com/export/ghana/cold-storage
export,0.7,monthly,https://phoenixxsmartbuild.com/export/ghana/food-processing
export,0.7,monthly,https://phoenixxsmartbuild.com/export/ghana/warehousing-logistics
export,0.7,monthly,https://phoenixxsmartbuild.com/export/ghana/agri-processing
export,0.7,monthly,https://phoenixxsmartbuild.com/export/ghana/mining
export,0.7,monthly,https://phoenixxsmartbuild.com/export/ghana/pharmaceuticals
export,0.7,monthly,https://phoenixxsmartbuild.com/export/ghana/oil-gas
export,0.8,monthly,https://phoenixxsmartbuild.com/export/zambia
export,0.7,monthly,https://phoenixxsmartbuild.com/export/zambia/lusaka
export,0.7,monthly,https://phoenixxsmartbuild.com/export/zambia/ndola
export,0.7,monthly,https://phoenixxsmartbuild.com/export/zambia/kitwe
export,0.7,monthly,https://phoenixxsmartbuild.com/export/zambia/chingola
export,0.7,monthly,https://phoenixxsmartbuild.com/export/zambia/livingstone
export,0.7,monthly,https://phoenixxsmartbuild.com/export/zambia/solwezi
export,0.7,monthly,https://phoenixxsmartbuild.com/export/zambia/chambishi
export,0.7,monthly,https://phoenixxsmartbuild.com/export/zambia/cold-storage
export,0.7,monthly,https://phoenixxsmartbuild.com/export/zambia/food-processing
export,0.7,monthly,https://phoenixxsmartbuild.com/export/zambia/warehousing-logistics
export,0.7,monthly,https://phoenixxsmartbuild.com/export/zambia/agri-processing
export,0.7,monthly,https://phoenixxsmartbuild.com/export/zambia/mining
export,0.7,monthly,https://phoenixxsmartbuild.com/export/zambia/pharmaceuticals
export,0.8,monthly,https://phoenixxsmartbuild.com/export/botswana
export,0.7,monthly,https://phoenixxsmartbuild.com/export/botswana/gaborone
export,0.7,monthly,https://phoenixxsmartbuild.com/export/botswana/francistown
export,0.7,monthly,https://phoenixxsmartbuild.com/export/botswana/selebi-phikwe
export,0.7,monthly,https://phoenixxsmartbuild.com/export/botswana/lobatse
export,0.7,monthly,https://phoenixxsmartbuild.com/export/botswana/palapye
export,0.7,monthly,https://phoenixxsmartbuild.com/export/botswana/cold-storage
export,0.7,monthly,https://phoenixxsmartbuild.com/export/botswana/food-processing
export,0.7,monthly,https://phoenixxsmartbuild.com/export/botswana/warehousing-logistics
export,0.7,monthly,https://phoenixxsmartbuild.com/export/botswana/agri-processing
export,0.7,monthly,https://phoenixxsmartbuild.com/export/botswana/mining
export,0.7,monthly,https://phoenixxsmartbuild.com/export/botswana/dairy-cold-chain
export,0.8,monthly,https://phoenixxsmartbuild.com/export/namibia
export,0.7,monthly,https://phoenixxsmartbuild.com/export/namibia/windhoek
export,0.7,monthly,https://phoenixxsmartbuild.com/export/namibia/walvis-bay
export,0.7,monthly,https://phoenixxsmartbuild.com/export/namibia/swakopmund
export,0.7,monthly,https://phoenixxsmartbuild.com/export/namibia/oshakati
export,0.7,monthly,https://phoenixxsmartbuild.com/export/namibia/keetmanshoop
export,0.7,monthly,https://phoenixxsmartbuild.com/export/namibia/cold-storage
export,0.7,monthly,https://phoenixxsmartbuild.com/export/namibia/food-processing
export,0.7,monthly,https://phoenixxsmartbuild.com/export/namibia/warehousing-logistics
export,0.7,monthly,https://phoenixxsmartbuild.com/export/namibia/agri-processing
export,0.7,monthly,https://phoenixxsmartbuild.com/export/namibia/mining
export,0.8,monthly,https://phoenixxsmartbuild.com/export/mozambique
export,0.7,monthly,https://phoenixxsmartbuild.com/export/mozambique/maputo
export,0.7,monthly,https://phoenixxsmartbuild.com/export/mozambique/beira
export,0.7,monthly,https://phoenixxsmartbuild.com/export/mozambique/nacala
export,0.7,monthly,https://phoenixxsmartbuild.com/export/mozambique/tete
export,0.7,monthly,https://phoenixxsmartbuild.com/export/mozambique/pemba
export,0.7,monthly,https://phoenixxsmartbuild.com/export/mozambique/cold-storage
export,0.7,monthly,https://phoenixxsmartbuild.com/export/mozambique/food-processing
export,0.7,monthly,https://phoenixxsmartbuild.com/export/mozambique/warehousing-logistics
export,0.7,monthly,https://phoenixxsmartbuild.com/export/mozambique/agri-processing
export,0.7,monthly,https://phoenixxsmartbuild.com/export/mozambique/mining
export,0.7,monthly,https://phoenixxsmartbuild.com/export/mozambique/oil-gas
export,0.8,monthly,https://phoenixxsmartbuild.com/export/angola
export,0.7,monthly,https://phoenixxsmartbuild.com/export/angola/luanda
export,0.7,monthly,https://phoenixxsmartbuild.com/export/angola/lobito
export,0.7,monthly,https://phoenixxsmartbuild.com/export/angola/benguela
export,0.7,monthly,https://phoenixxsmartbuild.com/export/angola/soyo
export,0.7,monthly,https://phoenixxsmartbuild.com/export/angola/huambo
export,0.7,monthly,https://phoenixxsmartbuild.com/export/angola/lubango
export,0.7,monthly,https://phoenixxsmartbuild.com/export/angola/cold-storage
export,0.7,monthly,https://phoenixxsmartbuild.com/export/angola/food-processing
export,0.7,monthly,https://phoenixxsmartbuild.com/export/angola/warehousing-logistics
export,0.7,monthly,https://phoenixxsmartbuild.com/export/angola/agri-processing
export,0.7,monthly,https://phoenixxsmartbuild.com/export/angola/mining
export,0.7,monthly,https://phoenixxsmartbuild.com/export/angola/oil-gas
export,0.8,monthly,https://phoenixxsmartbuild.com/export/south-africa
export,0.7,monthly,https://phoenixxsmartbuild.com/export/south-africa/johannesburg
export,0.7,monthly,https://phoenixxsmartbuild.com/export/south-africa/cape-town
export,0.7,monthly,https://phoenixxsmartbuild.com/export/south-africa/durban
export,0.7,monthly,https://phoenixxsmartbuild.com/export/south-africa/pretoria
export,0.7,monthly,https://phoenixxsmartbuild.com/export/south-africa/gqeberha
export,0.7,monthly,https://phoenixxsmartbuild.com/export/south-africa/cold-storage
export,0.7,monthly,https://phoenixxsmartbuild.com/export/south-africa/food-processing
export,0.7,monthly,https://phoenixxsmartbuild.com/export/south-africa/warehousing-logistics
export,0.7,monthly,https://phoenixxsmartbuild.com/export/south-africa/agri-processing
export,0.7,monthly,https://phoenixxsmartbuild.com/export/south-africa/mining
export,0.7,monthly,https://phoenixxsmartbuild.com/export/south-africa/pharmaceuticals
export,0.7,monthly,https://phoenixxsmartbuild.com/export/south-africa/oil-gas
export,0.8,monthly,https://phoenixxsmartbuild.com/export/nigeria
export,0.7,monthly,https://phoenixxsmartbuild.com/export/nigeria/lagos
export,0.7,monthly,https://phoenixxsmartbuild.com/export/nigeria/abuja
export,0.7,monthly,https://phoenixxsmartbuild.com/export/nigeria/port-harcourt
export,0.7,monthly,https://phoenixxsmartbuild.com/export/nigeria/kano
export,0.7,monthly,https://phoenixxsmartbuild.com/export/nigeria/cold-storage
export,0.7,monthly,https://phoenixxsmartbuild.com/export/nigeria/food-processing
export,0.7,monthly,https://phoenixxsmartbuild.com/export/nigeria/warehousing-logistics
export,0.7,monthly,https://phoenixxsmartbuild.com/export/nigeria/agri-processing
export,0.7,monthly,https://phoenixxsmartbuild.com/export/nigeria/mining
export,0.7,monthly,https://phoenixxsmartbuild.com/export/nigeria/oil-gas
export,0.7,monthly,https://phoenixxsmartbuild.com/export/nigeria/pharmaceuticals
export,0.8,monthly,https://phoenixxsmartbuild.com/export/zimbabwe
export,0.7,monthly,https://phoenixxsmartbuild.com/export/zimbabwe/harare
export,0.7,monthly,https://phoenixxsmartbuild.com/export/zimbabwe/bulawayo
export,0.7,monthly,https://phoenixxsmartbuild.com/export/zimbabwe/cold-storage
export,0.7,monthly,https://phoenixxsmartbuild.com/export/zimbabwe/food-processing
export,0.7,monthly,https://phoenixxsmartbuild.com/export/zimbabwe/warehousing-logistics
export,0.7,monthly,https://phoenixxsmartbuild.com/export/zimbabwe/agri-processing
export,0.7,monthly,https://phoenixxsmartbuild.com/export/zimbabwe/mining
export,0.8,monthly,https://phoenixxsmartbuild.com/export/ethiopia
export,0.7,monthly,https://phoenixxsmartbuild.com/export/ethiopia/addis-ababa
export,0.7,monthly,https://phoenixxsmartbuild.com/export/ethiopia/hawassa
export,0.7,monthly,https://phoenixxsmartbuild.com/export/ethiopia/cold-storage
export,0.7,monthly,https://phoenixxsmartbuild.com/export/ethiopia/food-processing
export,0.7,monthly,https://phoenixxsmartbuild.com/export/ethiopia/warehousing-logistics
export,0.7,monthly,https://phoenixxsmartbuild.com/export/ethiopia/agri-processing
export,0.7,monthly,https://phoenixxsmartbuild.com/export/ethiopia/mining
export,0.7,monthly,https://phoenixxsmartbuild.com/export/ethiopia/pharmaceuticals
export,0.8,monthly,https://phoenixxsmartbuild.com/export/mauritius
export,0.7,monthly,https://phoenixxsmartbuild.com/export/mauritius/port-louis
export,0.7,monthly,https://phoenixxsmartbuild.com/export/mauritius/ebene
export,0.7,monthly,https://phoenixxsmartbuild.com/export/mauritius/cold-storage
export,0.7,monthly,https://phoenixxsmartbuild.com/export/mauritius/food-processing
export,0.7,monthly,https://phoenixxsmartbuild.com/export/mauritius/warehousing-logistics
export,0.7,monthly,https://phoenixxsmartbuild.com/export/mauritius/agri-processing
export,0.7,monthly,https://phoenixxsmartbuild.com/export/mauritius/mining
export,0.8,monthly,https://phoenixxsmartbuild.com/export/drc
export,0.7,monthly,https://phoenixxsmartbuild.com/export/drc/kinshasa
export,0.7,monthly,https://phoenixxsmartbuild.com/export/drc/lubumbashi
export,0.7,monthly,https://phoenixxsmartbuild.com/export/drc/goma
export,0.7,monthly,https://phoenixxsmartbuild.com/export/drc/kolwezi
export,0.7,monthly,https://phoenixxsmartbuild.com/export/drc/cold-storage
export,0.7,monthly,https://phoenixxsmartbuild.com/export/drc/food-processing
export,0.7,monthly,https://phoenixxsmartbuild.com/export/drc/warehousing-logistics
export,0.7,monthly,https://phoenixxsmartbuild.com/export/drc/agri-processing
export,0.7,monthly,https://phoenixxsmartbuild.com/export/drc/mining
export,0.7,monthly,https://phoenixxsmartbuild.com/export/drc/oil-gas
rajasthan-geo,0.8,monthly,https://phoenixxsmartbuild.com/puf-roofing-panel-ajmer
rajasthan-geo,0.8,monthly,https://phoenixxsmartbuild.com/puf-roofing-panel-kishangarh
rajasthan-geo,0.8,monthly,https://phoenixxsmartbuild.com/puf-roofing-panel-bhilwara
rajasthan-geo,0.8,monthly,https://phoenixxsmartbuild.com/puf-roofing-panel-pali
rajasthan-geo,0.8,monthly,https://phoenixxsmartbuild.com/puf-roofing-panel-jodhpur
rajasthan-geo,0.8,monthly,https://phoenixxsmartbuild.com/puf-roofing-panel-udaipur
rajasthan-geo,0.8,monthly,https://phoenixxsmartbuild.com/puf-roofing-panel-chittorgarh
rajasthan-geo,0.8,monthly,https://phoenixxsmartbuild.com/puf-roofing-panel-rajsamand
rajasthan-geo,0.8,monthly,https://phoenixxsmartbuild.com/puf-roofing-panel-nagaur
rajasthan-geo,0.8,monthly,https://phoenixxsmartbuild.com/puf-roofing-panel-sikar
rajasthan-geo,0.8,monthly,https://phoenixxsmartbuild.com/puf-roofing-panel-jhunjhunu
rajasthan-geo,0.8,monthly,https://phoenixxsmartbuild.com/puf-roofing-panel-alwar
rajasthan-geo,0.8,monthly,https://phoenixxsmartbuild.com/puf-roofing-panel-neemrana
rajasthan-geo,0.8,monthly,https://phoenixxsmartbuild.com/puf-roofing-panel-kota
rajasthan-geo,0.8,monthly,https://phoenixxsmartbuild.com/puf-roofing-panel-bundi
rajasthan-geo,0.8,monthly,https://phoenixxsmartbuild.com/puf-roofing-panel-barmer
rajasthan-geo,0.8,monthly,https://phoenixxsmartbuild.com/puf-roofing-panel-abu-road
rajasthan-geo,0.8,monthly,https://phoenixxsmartbuild.com/puf-roofing-panel-bikaner
rajasthan-geo,0.8,monthly,https://phoenixxsmartbuild.com/puf-roofing-panel-sri-ganganagar
rajasthan-geo,0.8,monthly,https://phoenixxsmartbuild.com/puf-roofing-panel-tonk
rajasthan-geo,0.8,monthly,https://phoenixxsmartbuild.com/puf-roofing-panel-jhalawar
rajasthan-geo,0.8,monthly,https://phoenixxsmartbuild.com/puf-roofing-panel-pratapgarh
rajasthan-geo,0.8,monthly,https://phoenixxsmartbuild.com/puf-roofing-panel-sirohi
rajasthan-geo,0.8,monthly,https://phoenixxsmartbuild.com/puf-roofing-panel-manufacturer-ajmer
rajasthan-geo,0.8,monthly,https://phoenixxsmartbuild.com/puf-roofing-panel-manufacturer-kishangarh
rajasthan-geo,0.8,monthly,https://phoenixxsmartbuild.com/puf-roofing-panel-manufacturer-bhilwara
rajasthan-geo,0.8,monthly,https://phoenixxsmartbuild.com/puf-roofing-panel-manufacturer-pali
rajasthan-geo,0.8,monthly,https://phoenixxsmartbuild.com/puf-roofing-panel-manufacturer-jodhpur
rajasthan-geo,0.8,monthly,https://phoenixxsmartbuild.com/puf-roofing-panel-manufacturer-udaipur
rajasthan-geo,0.8,monthly,https://phoenixxsmartbuild.com/puf-roofing-panel-manufacturer-chittorgarh
rajasthan-geo,0.8,monthly,https://phoenixxsmartbuild.com/puf-roofing-panel-manufacturer-rajsamand
rajasthan-geo,0.8,monthly,https://phoenixxsmartbuild.com/puf-roofing-panel-manufacturer-nagaur
rajasthan-geo,0.8,monthly,https://phoenixxsmartbuild.com/puf-roofing-panel-manufacturer-sikar
rajasthan-geo,0.8,monthly,https://phoenixxsmartbuild.com/puf-roofing-panel-manufacturer-jhunjhunu
rajasthan-geo,0.8,monthly,https://phoenixxsmartbuild.com/puf-roofing-panel-manufacturer-alwar
rajasthan-geo,0.8,monthly,https://phoenixxsmartbuild.com/puf-roofing-panel-manufacturer-neemrana
rajasthan-geo,0.8,monthly,https://phoenixxsmartbuild.com/puf-roofing-panel-manufacturer-kota
rajasthan-geo,0.8,monthly,https://phoenixxsmartbuild.com/puf-roofing-panel-manufacturer-bundi
rajasthan-geo,0.8,monthly,https://phoenixxsmartbuild.com/puf-roofing-panel-manufacturer-barmer
rajasthan-geo,0.8,monthly,https://phoenixxsmartbuild.com/puf-roofing-panel-manufacturer-abu-road
rajasthan-geo,0.8,monthly,https://phoenixxsmartbuild.com/puf-roofing-panel-manufacturer-bikaner
rajasthan-geo,0.8,monthly,https://phoenixxsmartbuild.com/puf-roofing-panel-manufacturer-sri-ganganagar
rajasthan-geo,0.8,monthly,https://phoenixxsmartbuild.com/puf-roofing-panel-manufacturer-tonk
rajasthan-geo,0.8,monthly,https://phoenixxsmartbuild.com/puf-roofing-panel-manufacturer-jhalawar
rajasthan-geo,0.8,monthly,https://phoenixxsmartbuild.com/puf-roofing-panel-manufacturer-pratapgarh
rajasthan-geo,0.8,monthly,https://phoenixxsmartbuild.com/puf-roofing-panel-manufacturer-sirohi
rajasthan-geo,0.8,monthly,https://phoenixxsmartbuild.com/puf-roofing-panel-price-ajmer
rajasthan-geo,0.8,monthly,https://phoenixxsmartbuild.com/puf-roofing-panel-price-kishangarh
rajasthan-geo,0.8,monthly,https://phoenixxsmartbuild.com/puf-roofing-panel-price-bhilwara
rajasthan-geo,0.8,monthly,https://phoenixxsmartbuild.com/puf-roofing-panel-price-pali
rajasthan-geo,0.8,monthly,https://phoenixxsmartbuild.com/puf-roofing-panel-price-jodhpur
rajasthan-geo,0.8,monthly,https://phoenixxsmartbuild.com/puf-roofing-panel-price-udaipur
rajasthan-geo,0.8,monthly,https://phoenixxsmartbuild.com/puf-roofing-panel-price-chittorgarh
rajasthan-geo,0.8,monthly,https://phoenixxsmartbuild.com/puf-roofing-panel-price-rajsamand
rajasthan-geo,0.8,monthly,https://phoenixxsmartbuild.com/puf-roofing-panel-price-nagaur
rajasthan-geo,0.8,monthly,https://phoenixxsmartbuild.com/puf-roofing-panel-price-sikar
rajasthan-geo,0.8,monthly,https://phoenixxsmartbuild.com/puf-roofing-panel-price-jhunjhunu
rajasthan-geo,0.8,monthly,https://phoenixxsmartbuild.com/puf-roofing-panel-price-alwar
rajasthan-geo,0.8,monthly,https://phoenixxsmartbuild.com/puf-roofing-panel-price-neemrana
rajasthan-geo,0.8,monthly,https://phoenixxsmartbuild.com/puf-roofing-panel-price-kota
rajasthan-geo,0.8,monthly,https://phoenixxsmartbuild.com/puf-roofing-panel-price-bundi
rajasthan-geo,0.8,monthly,https://phoenixxsmartbuild.com/puf-roofing-panel-price-barmer
rajasthan-geo,0.8,monthly,https://phoenixxsmartbuild.com/puf-roofing-panel-price-abu-road
rajasthan-geo,0.8,monthly,https://phoenixxsmartbuild.com/puf-roofing-panel-price-bikaner
rajasthan-geo,0.8,monthly,https://phoenixxsmartbuild.com/puf-roofing-panel-price-sri-ganganagar
rajasthan-geo,0.8,monthly,https://phoenixxsmartbuild.com/puf-roofing-panel-price-tonk
rajasthan-geo,0.8,monthly,https://phoenixxsmartbuild.com/puf-roofing-panel-price-jhalawar
rajasthan-geo,0.8,monthly,https://phoenixxsmartbuild.com/puf-roofing-panel-price-pratapgarh
rajasthan-geo,0.8,monthly,https://phoenixxsmartbuild.com/puf-roofing-panel-price-sirohi
